Taxonomic lineage (SUPERKINGDOM)	Taxonomic lineage (PHYLUM)	Taxonomic lineage (CLASS)	Taxonomic lineage (ORDER)	Taxonomic lineage (FAMILY)	Taxonomic lineage (GENUS)	Taxonomic lineage (SPECIES)	Cross-reference (BioCyc)	Cross-reference (BRENDA)	Cross-reference (CDD)	Cross-reference (eggNOG)	Ensembl transcript	Cross-reference (InterPro)	Cross-reference (KEGG)	Cross-reference (KO)	Cross-reference (Pfam)	Cross-reference (Reactome)	Cross-reference (RefSeq)	Cross-reference (UniPathway)	COG general functional category	COG functional category	COG protein description	cog	mg	mt_0.01a	mt_1a	mt_100a	mt_0.01b	mt_1b	mt_100b	mt_0.01c	mt_1c	mt_100c
Bacteria	Deinococcus-Thermus	Deinococci	Deinococcales	Deinococcaceae	Deinococcus	Deinococcus phoenicis				ENOG5030QAJ;									CELLULAR PROCESSES AND SIGNALING	Signal transduction mechanisms 	RhoGEF, Guanine nucleotide exchange factor for Rho/Rac/Cdc42-like GTPases	COG5422	0.6508729999999999	0	0	0	0	0	0	0	0	0
Archaea	Euryarchaeota	Methanococci	Methanococcales	Methanocaldococcaceae	Methanocaldococcus	Methanocaldococcus bathoardescens							mjh:JH146_1189;						POORLY CHARACTERIZED	Function unknown 	Uncharacterized protein conserved in bacteria	COG3101	4.319325	0	0	0	0	0	0	0	0	0
Bacteria	Proteobacteria	Betaproteobacteria	Burkholderiales	Burkholderiaceae	Burkholderia	Burkholderia cenocepacia							bcen:DM39_2047;						CELLULAR PROCESSES AND SIGNALING	Cell motility 	Tfp pilus assembly protein, tip-associated adhesin PilY1	COG3419	1.26061	118	110	34	66	116	26	114	120	32
Archaea	Euryarchaeota	Methanobacteria	Methanobacteriales	Methanobacteriaceae	Methanobacterium	Methanobacterium formicicum						IPR009057;IPR001647;	mfc:BRM9_0027;mfi:DSM1535_1347;		PF00440;		WP_048072866.1;		INFORMATION STORAGE AND PROCESSING	Transcription 	Transcriptional regulator	COG1309	1.88054	48	40	28	50	44	36	52	52	40
Archaea	Euryarchaeota	Methanobacteria	Methanobacteriales	Methanobacteriaceae	Methanobacterium	Methanobacterium formicicum						IPR016181;IPR000182;	mfc:BRM9_0032;mfi:DSM1535_1352;		PF00583;				POORLY CHARACTERIZED	General function prediction only 	Acetyltransferases	COG0456	1.88054	80	86	32	92	102	34	90	92	18
Archaea	Euryarchaeota	Methanobacteria	Methanobacteriales	Methanobacteriaceae	Methanobacterium	Methanobacterium formicicum						IPR040493;	mfc:BRM9_0135;mfi:DSM1535_1458;		PF17647;		WP_048072961.1;		POORLY CHARACTERIZED	Function unknown 	Uncharacterized protein conserved in bacteria	COG3105	1.88054	50	62	24	78	78	24	68	58	24
Archaea	Euryarchaeota	Methanobacteria	Methanobacteriales	Methanobacteriaceae	Methanobacterium	Methanobacterium formicicum							mfc:BRM9_0140;mfi:DSM1535_1463;	K20509;			WP_048072965.1;		CELLULAR PROCESSES AND SIGNALING	Cell motility 	Tfp pilus assembly protein PilW	COG4966	1.88054	184	182	44	172	170	60	164	182	48
Archaea	Euryarchaeota	Methanobacteria	Methanobacteriales	Methanobacteriaceae	Methanobacterium	Methanobacterium formicicum						IPR002187;IPR011322;IPR015867;IPR017918;	mfc:BRM9_0197;mfi:DSM1535_1513;	K02589;	PF00543;		WP_023991285.1;		METABOLISM	Amino acid transport and metabolism 	Nitrogen regulatory protein PII	COG0347	1.88054	68	54	24	48	62	22	52	40	22
Archaea	Euryarchaeota	Methanobacteria	Methanobacteriales	Methanobacteriaceae	Methanobacterium	Methanobacterium formicicum						IPR037294;IPR000522;	mfc:BRM9_0207;mfi:DSM1535_1523;	K02015;	PF01032;		WP_023991295.1;		METABOLISM	Inorganic ion transport and metabolism 	ABC-type Fe3+-siderophore transport system, permease component	COG0609	1.88054	164	208	58	190	178	44	210	204	52
Archaea	Euryarchaeota	Methanobacteria	Methanobacteriales	Methanobacteriaceae	Methanobacterium	Methanobacterium formicicum						IPR017896;IPR017900;	mfc:BRM9_0212;mfi:DSM1535_1528;		PF00037;		WP_023991300.1;		METABOLISM	Energy production and conversion 	MinD superfamily P-loop ATPase containing an inserted ferredoxin domain	COG1149	1.88054	36	30	10	40	32	8	42	40	2
Archaea	Euryarchaeota	Methanobacteria	Methanobacteriales	Methanobacteriaceae	Methanobacterium	Methanobacterium formicicum						IPR002758;	mfc:BRM9_0222;mfi:DSM1535_1083;	K14110;	PF01899;		WP_048072637.1;		METABOLISM	Inorganic ion transport and metabolism 	Multisubunit Na+/H+ antiporter, MnhE subunit	COG1863	1.88054	58	50	10	56	68	14	62	46	16
Archaea	Euryarchaeota	Methanobacteria	Methanobacteriales	Methanobacteriaceae	Methanobacterium	Methanobacterium formicicum						IPR017896;IPR017900;	mfc:BRM9_0232;mfi:DSM1535_1073;	K14120;	PF00037;PF13237;PF12838;		WP_048072627.1;		METABOLISM	Energy production and conversion 	Dissimilatory sulfite reductase (desulfoviridin), alpha and beta subunits	COG2221	16.92486	2556	2394	630	2574	2304	648	2520	2448	666
Archaea	Euryarchaeota	Methanobacteria	Methanobacteriales	Methanobacteriaceae	Methanobacterium	Methanobacterium formicicum						IPR019597;	mfc:BRM9_0237;mfi:DSM1535_1068;	K14125;	PF10622;		WP_048072622.1;		POORLY CHARACTERIZED	General function prediction only 	Uncharacterized conserved protein, contains CCCH-type Zn-finger protein	COG5252	1.88054	40	46	16	46	66	8	44	60	20
Archaea	Euryarchaeota	Methanobacteria	Methanobacteriales	Methanobacteriaceae	Methanobacterium	Methanobacterium formicicum							mfc:BRM9_0257;mfi:DSM1535_1048;				WP_048072606.1;		METABOLISM	Amino acid transport and metabolism 	Ornithine/acetylornithine aminotransferase	COG4992	1.88054	70	32	12	40	46	16	50	50	6
Archaea	Euryarchaeota	Methanobacteria	Methanobacteriales	Methanobacteriaceae	Methanobacterium	Methanobacterium formicicum						IPR026870;	mfc:BRM9_0314;mfi:DSM1535_0990;		PF13240;		WP_048072563.1;		POORLY CHARACTERIZED	Function unknown 	Predicted membrane protein	COG4640	1.86163	122	108	30	116	130	38	148	112	42
Archaea	Euryarchaeota	Methanobacteria	Methanobacteriales	Methanobacteriaceae	Methanobacterium	Methanobacterium formicicum			cd11534;			IPR008179;IPR021130;	mfc:BRM9_0329;mfi:DSM1535_0969;	K01523;	PF01503;		WP_048072548.1;	UPA00031;UER00007	METABOLISM	Amino acid transport and metabolism 	Phosphoribosyl-ATP pyrophosphohydrolase	COG0140	1.86163	60	50	22	46	40	14	44	68	34
Archaea	Euryarchaeota	Methanobacteria	Methanobacteriales	Methanobacteriaceae	Methanobacterium	Methanobacterium formicicum						IPR023580;IPR020789;IPR000268;	mfc:BRM9_0369;mfi:DSM1535_0296;	K03058;	PF01194;		WP_048071971.1;		INFORMATION STORAGE AND PROCESSING	Transcription 	DNA-directed RNA polymerase, subunit N (RpoN/RPB10)	COG1644	1.88082	26	16	10	50	38	6	32	34	8
Archaea	Euryarchaeota	Methanobacteria	Methanobacteriales	Methanobacteriaceae	Methanobacterium	Methanobacterium formicicum						IPR001971;IPR019961;IPR018102;IPR036967;	mfc:BRM9_0374;mfi:DSM1535_0301;	K02948;	PF00411;		WP_048071976.1;		INFORMATION STORAGE AND PROCESSING	Translation, ribosomal structure and biogenesis 	Ribosomal protein S11	COG0100	1.88082	72	76	28	94	62	18	74	100	18
Archaea	Euryarchaeota	Methanobacteria	Methanobacteriales	Methanobacteriaceae	Methanobacterium	Methanobacterium formicicum			cd02020;			IPR011892;IPR011994;IPR027417;	mfc:BRM9_0379;mfi:DSM1535_0307;	K00945;			WP_048071981.1;		METABOLISM	Nucleotide transport and metabolism 	Cytidylate kinase	COG1102	1.88082	61	53	17	47	41	12	63	36	13
Archaea	Euryarchaeota	Methanobacteria	Methanobacteriales	Methanobacteriaceae	Methanobacterium	Methanobacterium formicicum			cd00513;			IPR001515;IPR018263;IPR036351;	mfc:BRM9_0389;mfi:DSM1535_0317;	K02912;	PF01655;		WP_048073787.1;		INFORMATION STORAGE AND PROCESSING	Translation, ribosomal structure and biogenesis 	Ribosomal protein L32E	COG1717	1.88082	54	62	26	58	66	18	62	56	10
Archaea	Euryarchaeota	Methanobacteria	Methanobacteriales	Methanobacteriaceae	Methanobacterium	Methanobacterium formicicum						IPR013785;IPR006638;IPR000385;IPR005980;IPR007197;	mfc:BRM9_0503;mfi:DSM1535_0483;	K02585;	PF04055;		WP_048072131.1;	UPA00782	POORLY CHARACTERIZED	General function prediction only 	Predicted Fe-S oxidoreductases	COG0535	1.88082	132	156	50	192	128	46	178	146	30
Archaea	Euryarchaeota	Methanobacteria	Methanobacteriales	Methanobacteriaceae	Methanobacterium	Methanobacterium formicicum						IPR012025;	mfc:BRM9_0508;mfi:DSM1535_0488;		PF09875;		WP_048072136.1;		POORLY CHARACTERIZED	Function unknown 	Uncharacterized protein conserved in archaea	COG4029	1.88082	30	33	18	50	42	19	40	43	11
Archaea	Euryarchaeota	Methanobacteria	Methanobacteriales	Methanobacteriaceae	Methanobacterium	Methanobacterium formicicum						IPR002586;IPR010224;IPR025501;IPR027417;	mfc:BRM9_0548;mfi:DSM1535_0529;	K03609;	PF01656;		WP_048072170.1;		CELLULAR PROCESSES AND SIGNALING	Cell cycle control, cell division, chromosome partitioning 	ATPases involved in chromosome partitioning	COG0455	1.88082	132	152	34	148	150	58	114	154	34
Archaea	Euryarchaeota	Methanobacteria	Methanobacteriales	Methanobacteriaceae	Methanobacterium	Methanobacterium formicicum						IPR000462;IPR043130;	mfc:BRM9_0633;mfi:DSM1535_0607;	K17884;	PF01066;		WP_048072237.1;		METABOLISM	Lipid transport and metabolism 	Phosphatidylglycerophosphate synthase	COG0558	1.87322	128	100	46	132	96	26	108	126	28
Archaea	Euryarchaeota	Methanobacteria	Methanobacteriales	Methanobacteriaceae	Methanobacterium	Methanobacterium formicicum						IPR002187;IPR011322;IPR015867;IPR017918;	mfc:BRM9_0654;mfi:DSM1535_0626;	K04751;	PF00543;		WP_048072255.1;		METABOLISM	Amino acid transport and metabolism 	Nitrogen regulatory protein PII	COG0347	1.87322	52	58	10	54	50	20	60	62	20
Archaea	Euryarchaeota	Methanobacteria	Methanobacteriales	Methanobacteriaceae	Methanobacterium	Methanobacterium formicicum						IPR016432;IPR007175;	mfc:BRM9_0711;mfi:DSM1535_0663;	K03540;	PF04032;				INFORMATION STORAGE AND PROCESSING	Translation, ribosomal structure and biogenesis 	RNase P subunit RPR2	COG2023	1.87322	32	30	6	33	23	6	35	33	10
Archaea	Euryarchaeota	Methanobacteria	Methanobacteriales	Methanobacteriaceae	Methanobacterium	Methanobacterium formicicum							mfc:BRM9_0721;mfi:DSM1535_0673;						CELLULAR PROCESSES AND SIGNALING	Cytoskeleton 	Dynein, heavy chain	COG5245	3.74644	152	104	68	204	140	72	168	128	56
Archaea	Euryarchaeota	Methanobacteria	Methanobacteriales	Methanobacteriaceae	Methanobacterium	Methanobacterium formicicum						IPR036388;IPR036390;	mfc:BRM9_0776;mfi:DSM1535_0737;				WP_048072347.1;		INFORMATION STORAGE AND PROCESSING	Transcription 	Transcriptional regulators	COG1846	1.86163	32	36	20	36	40	14	36	46	10
Archaea	Euryarchaeota	Methanobacteria	Methanobacteriales	Methanobacteriaceae	Methanobacterium	Methanobacterium formicicum			cd06261;			IPR000515;IPR035906;IPR005672;IPR011864;	mfc:BRM9_0783;mfi:DSM1535_0743;	K02037;	PF00528;		WP_048072353.1;		METABOLISM	Inorganic ion transport and metabolism 	ABC-type phosphate transport system, permease component	COG0573	1.86163	158	130	52	152	124	76	162	150	36
Archaea	Euryarchaeota	Methanobacteria	Methanobacteriales	Methanobacteriaceae	Methanobacterium	Methanobacterium formicicum							mfc:BRM9_0788;mfi:DSM1535_0748;				WP_048072358.1;		METABOLISM	Carbohydrate transport and metabolism 	ABC-type xylose transport system, permease component	COG4214	1.86163	82	116	52	130	112	26	110	132	48
Archaea	Euryarchaeota	Methanobacteria	Methanobacteriales	Methanobacteriaceae	Methanobacterium	Methanobacterium formicicum						IPR027417;IPR001482;	mfc:BRM9_0803;mfi:DSM1535_0765;	K07332;	PF00437;				CELLULAR PROCESSES AND SIGNALING	Intracellular trafficking, secretion, and vesicular transport 	Flp pilus assembly protein, ATPase CpaF	COG4962	1.86163	284	314	92	286	274	94	326	268	124
Archaea	Euryarchaeota	Methanobacteria	Methanobacteriales	Methanobacteriaceae	Methanobacterium	Methanobacterium formicicum						IPR027275;IPR011033;	mfc:BRM9_0818;mfi:DSM1535_0781;		PF05239;				POORLY CHARACTERIZED	Function unknown 	Uncharacterized conserved protein	COG1873	1.86163	56	62	26	74	74	28	66	66	24
Archaea	Euryarchaeota	Methanobacteria	Methanobacteriales	Methanobacteriaceae	Methanobacterium	Methanobacterium formicicum						IPR002765;IPR035439;	mfc:BRM9_0823;mfi:DSM1535_0786;		PF01906;		WP_048072388.1;		POORLY CHARACTERIZED	Function unknown 	Uncharacterized conserved protein	COG0393	1.86163	72	50	18	44	64	10	74	70	24
Archaea	Euryarchaeota	Methanobacteria	Methanobacteriales	Methanobacteriaceae	Methanobacterium	Methanobacterium formicicum							mfc:BRM9_0828;mfi:DSM1535_0791;						CELLULAR PROCESSES AND SIGNALING	Posttranslational modification, protein turnover, chaperones 	Collagenase and related proteases	COG0826	1.86163	196	128	52	170	164	60	148	126	48
Archaea	Euryarchaeota	Methanobacteria	Methanobacteriales	Methanobacteriaceae	Methanobacterium	Methanobacterium formicicum						IPR011335;IPR007560;IPR011856;	mfc:BRM9_0018;mfi:DSM1535_1338;		PF04471;				CELLULAR PROCESSES AND SIGNALING	Defense mechanisms 	Restriction endonuclease	COG1715	1.88054	136	124	40	136	144	60	130	154	52
Archaea	Euryarchaeota	Methanobacteria	Methanobacteriales	Methanobacteriaceae	Methanobacterium	Methanobacterium formicicum						IPR002746;	mfc:BRM9_0844;mfi:DSM1535_0806;	K09737;	PF01886;		WP_048072407.1;		POORLY CHARACTERIZED	Function unknown 	Uncharacterized protein conserved in archaea	COG2083	1.86163	80	72	30	60	68	24	70	82	26
Archaea	Euryarchaeota	Methanobacteria	Methanobacteriales	Methanobacteriaceae	Methanobacterium	Methanobacterium formicicum						IPR010499;IPR029442;IPR011256;	mfc:BRM9_0869;mfi:DSM1535_0832;		PF06445;		WP_048072424.1;		INFORMATION STORAGE AND PROCESSING	Transcription 	Transcriptional regulator, effector-binding domain/component	COG4978	1.86163	72	84	22	88	98	28	82	90	30
Archaea	Euryarchaeota	Methanobacteria	Methanobacteriales	Methanobacteriaceae	Methanobacterium	Methanobacterium formicicum						IPR002586;IPR014433;IPR027417;	mfc:BRM9_0904;mfi:DSM1535_0871;	K07321;	PF01656;		WP_048072462.1;		CELLULAR PROCESSES AND SIGNALING	Cell cycle control, cell division, chromosome partitioning 	CO dehydrogenase maturation factor	COG3640	1.86163	148	136	46	150	152	48	148	150	46
Archaea	Euryarchaeota	Methanobacteria	Methanobacteriales	Methanobacteriaceae	Methanobacterium	Methanobacterium formicicum						IPR026392;IPR019127;	mfc:BRM9_0995;		PF09721;				POORLY CHARACTERIZED	Function unknown 	Predicted membrane protein	COG4083	1.88054	232	166	66	166	200	60	212	190	60
Archaea	Euryarchaeota	Methanobacteria	Methanobacteriales	Methanobacteriaceae	Methanobacterium	Methanobacterium formicicum						IPR013108;IPR012027;IPR011059;IPR032466;	mfc:BRM9_0178;mfi:DSM1535_1496;	K00200;	PF07969;		WP_048072987.1;		METABOLISM	Energy production and conversion 	Formylmethanofuran dehydrogenase subunit A	COG1229	1.88054	300	314	102	332	306	94	320	298	86
Archaea	Euryarchaeota	Methanobacteria	Methanobacteriales	Methanobacteriaceae	Methanobacterium	Methanobacterium formicicum						IPR004606;IPR008995;IPR005116;	mfc:BRM9_0213;mfi:DSM1535_1529;		PF03459;		WP_023991301.1;		METABOLISM	Coenzyme transport and metabolism 	Molybdopterin-binding protein	COG3585	1.88054	38	36	14	30	32	8	44	30	10
Archaea	Euryarchaeota	Methanobacteria	Methanobacteriales	Methanobacteriaceae	Methanobacterium	Methanobacterium formicicum							mfc:BRM9_0218;mfi:DSM1535_1087;				WP_048072641.1;		CELLULAR PROCESSES AND SIGNALING	Cell wall/membrane/envelope biogenesis 	Predicted nucleoside-diphosphate sugar epimerases	COG1086	1.88054	66	56	20	52	64	12	58	64	16
Archaea	Euryarchaeota	Methanobacteria	Methanobacteriales	Methanobacteriaceae	Methanobacterium	Methanobacterium formicicum							mfc:BRM9_0228;mfi:DSM1535_1077;	K14116;			WP_048072631.1;		POORLY CHARACTERIZED	Function unknown 	Uncharacterized conserved protein	COG4744	1.88054	22	29	8	45	33	30	29	23	18
Archaea	Euryarchaeota	Methanobacteria	Methanobacteriales	Methanobacteriaceae	Methanobacterium	Methanobacterium formicicum						IPR017896;IPR017900;	mfc:BRM9_0233;mfi:DSM1535_1072;	K14121;	PF12838;		WP_048072626.1;		METABOLISM	Energy production and conversion 	Formate hydrogenlyase subunit 6/NADH:ubiquinone oxidoreductase 23 kD subunit (chain I)	COG1143	1.88054	76	66	32	86	98	52	94	96	20
Archaea	Euryarchaeota	Methanobacteria	Methanobacteriales	Methanobacteriaceae	Methanobacterium	Methanobacterium formicicum			cd00156;			IPR011006;IPR001789;	mfc:BRM9_1035;mfi:DSM1535_1693;		PF00072;		WP_048073135.1;		CELLULAR PROCESSES AND SIGNALING	Signal transduction mechanisms 	FOG: CheY-like receiver	COG0784	1.89556	46	38	5	41	28	10	39	36	5
Archaea	Euryarchaeota	Methanobacteria	Methanobacteriales	Methanobacteriaceae	Methanobacterium	Methanobacterium formicicum						IPR000572;IPR036374;	mfc:BRM9_1040;mfi:DSM1535_1700;		PF00174;		WP_052399965.1;		POORLY CHARACTERIZED	General function prediction only 	Sulfite oxidase and related enzymes	COG2041	1.89556	118	90	50	110	86	34	152	122	42
Archaea	Euryarchaeota	Methanobacteria	Methanobacteriales	Methanobacteriaceae	Methanobacterium	Methanobacterium formicicum						IPR027417;IPR005225;IPR000795;	mfc:BRM9_0300;mfi:DSM1535_1009;	K06945;	PF00009;		WP_052399931.1;		POORLY CHARACTERIZED	General function prediction only 	Predicted GTPase	COG2229	1.86163	78	84	28	74	66	38	92	76	32
Archaea	Euryarchaeota	Methanobacteria	Methanobacteriales	Methanobacteriaceae	Methanobacterium	Methanobacterium formicicum			cd00077;			IPR003607;IPR006674;	mfc:BRM9_1090;mfi:DSM1535_1744;	K06885;	PF01966;		WP_048073175.1;		POORLY CHARACTERIZED	General function prediction only 	HD superfamily phosphohydrolases	COG1078	1.89556	186	232	56	228	212	74	210	238	72
Archaea	Euryarchaeota	Methanobacteria	Methanobacteriales	Methanobacteriaceae	Methanobacterium	Methanobacterium formicicum						IPR013785;IPR002684;IPR006638;IPR007197;	mfc:BRM9_0325;mfi:DSM1535_0973;		PF04055;		WP_048072552.1;		METABOLISM	Coenzyme transport and metabolism 	Biotin synthase and related enzymes	COG0502	1.86163	180	198	44	166	160	58	142	176	74
Archaea	Euryarchaeota	Methanobacteria	Methanobacteriales	Methanobacteriaceae	Methanobacterium	Methanobacterium formicicum						IPR022712;IPR019975;IPR033769;IPR004087;IPR015946;IPR001279;IPR036866;IPR011108;	mfc:BRM9_0345;mfi:DSM1535_0952;	K07041;	PF10996;PF17214;PF16661;PF07521;		WP_048072535.1;		POORLY CHARACTERIZED	General function prediction only 	Predicted metal-dependent RNase, consists of a metallo-beta-lactamase domain and an RNA-binding KH domain	COG1782	1.86163	352	334	108	350	380	100	384	324	96
Archaea	Euryarchaeota	Methanobacteria	Methanobacteriales	Methanobacteriaceae	Methanobacterium	Methanobacterium formicicum			cd01425;			IPR001865;IPR023454;IPR018130;IPR005707;IPR023591;	mfc:BRM9_0365;mfi:DSM1535_0292;	K02967;	PF00318;		WP_048071967.1;		INFORMATION STORAGE AND PROCESSING	Translation, ribosomal structure and biogenesis 	Ribosomal protein S2	COG0052	1.88082	116	112	36	92	96	40	134	106	24
Archaea	Euryarchaeota	Methanobacteria	Methanobacteriales	Methanobacteriaceae	Methanobacterium	Methanobacterium formicicum			cd00165;			IPR022801;IPR005710;IPR001912;IPR022802;IPR018079;IPR002942;IPR036986;	mfc:BRM9_0375;mfi:DSM1535_0302;	K02986;	PF01479;		WP_048071977.1;		INFORMATION STORAGE AND PROCESSING	Translation, ribosomal structure and biogenesis 	Ribosomal protein S4 and related proteins	COG0522	1.88082	96	108	24	120	114	36	106	128	36
Archaea	Euryarchaeota	Methanobacteria	Methanobacteriales	Methanobacteriaceae	Methanobacterium	Methanobacterium formicicum							mfc:BRM9_1135;mfi:DSM1535_1791;				WP_048073214.1;		METABOLISM	Inorganic ion transport and metabolism 	Na+/phosphate symporter	COG1283	1.89556	44	32	10	48	34	8	34	32	14
Archaea	Euryarchaeota	Methanobacteria	Methanobacteriales	Methanobacteriaceae	Methanobacterium	Methanobacterium formicicum							mfc:BRM9_1140;mfi:DSM1535_1796;				WP_048073216.1;		METABOLISM	Inorganic ion transport and metabolism 	ABC-type metal ion transport system, periplasmic component/surface antigen	COG1464	1.89556	54	34	16	54	66	20	42	36	10
Archaea	Euryarchaeota	Methanobacteria	Methanobacteriales	Methanobacteriaceae	Methanobacterium	Methanobacterium formicicum							mfc:BRM9_1150;				WP_048085108.1;		CELLULAR PROCESSES AND SIGNALING	Posttranslational modification, protein turnover, chaperones 	Membrane-bound serine protease (ClpP class)	COG1030	3.79112	84	44	36	88	92	24	76	72	32
Archaea	Euryarchaeota	Methanobacteria	Methanobacteriales	Methanobacteriaceae	Methanobacterium	Methanobacterium formicicum						IPR012677;IPR019985;IPR012678;IPR013025;	mfc:BRM9_0405;mfi:DSM1535_0332;	K02892;	PF00276;		WP_048072004.1;		INFORMATION STORAGE AND PROCESSING	Translation, ribosomal structure and biogenesis 	Ribosomal protein L23	COG0089	1.88082	42	40	18	50	54	18	32	36	16
Archaea	Euryarchaeota	Methanobacteria	Methanobacteriales	Methanobacteriaceae	Methanobacterium	Methanobacterium formicicum						IPR002790;IPR021139;	mfc:BRM9_0415;mfi:DSM1535_0342;		PF01936;		WP_048072013.1;		POORLY CHARACTERIZED	Function unknown 	Uncharacterized conserved protein	COG1432	1.88082	53	34	14	38	41	17	54	45	16
Archaea	Euryarchaeota	Methanobacteria	Methanobacteriales	Methanobacteriaceae	Methanobacterium	Methanobacterium formicicum						IPR006153;IPR038770;	mfc:BRM9_0422;mfi:DSM1535_0348;	K23994;	PF00999;		WP_048072017.1;		METABOLISM	Inorganic ion transport and metabolism 	NhaP-type Na+/H+ and K+/H+ antiporters	COG0025	1.88082	232	236	90	234	206	86	254	194	98
Archaea	Euryarchaeota	Methanobacteria	Methanobacteriales	Methanobacteriaceae	Methanobacterium	Methanobacterium formicicum							mfc:BRM9_1196;				WP_048073279.1;		POORLY CHARACTERIZED	General function prediction only 	ATPase components of ABC transporters with duplicated ATPase domains	COG0488	1.89556	0	0	0	0	0	0	0	0	0
Archaea	Euryarchaeota	Methanobacteria	Methanobacteriales	Methanobacteriaceae	Methanobacterium	Methanobacterium formicicum							mfc:BRM9_1291;mfi:DSM1535_1974;						POORLY CHARACTERIZED	Function unknown 	Uncharacterized conserved protein	COG5476	1.89556	62	110	32	88	82	40	96	100	36
Archaea	Euryarchaeota	Methanobacteria	Methanobacteriales	Methanobacteriaceae	Methanobacterium	Methanobacterium formicicum						IPR016466;	mfc:BRM9_0509;mfi:DSM1535_0489;				WP_048072137.1;		CELLULAR PROCESSES AND SIGNALING	Posttranslational modification, protein turnover, chaperones 	Predicted peptidyl-prolyl cis-trans isomerase (rotamase), cyclophilin family	COG4070	1.88082	130	139	38	125	140	54	134	132	39
Archaea	Euryarchaeota	Methanobacteria	Methanobacteriales	Methanobacteriaceae	Methanobacterium	Methanobacterium formicicum						IPR019197;IPR029062;IPR015834;	mfc:BRM9_0519;mfi:DSM1535_0499;		PF09825;				POORLY CHARACTERIZED	Function unknown 	Uncharacterized conserved protein	COG4285	1.88082	128	138	32	116	138	58	156	134	42
Archaea	Euryarchaeota	Methanobacteria	Methanobacteriales	Methanobacteriaceae	Methanobacterium	Methanobacterium formicicum						IPR019214;	mfc:BRM9_1321;mfi:DSM1535_2006;	K14094;	PF09882;		WP_048073379.1;		POORLY CHARACTERIZED	Function unknown 	Predicted membrane protein	COG4040	1.89556	52	50	10	56	46	12	36	48	10
Archaea	Euryarchaeota	Methanobacteria	Methanobacteriales	Methanobacteriaceae	Methanobacterium	Methanobacterium formicicum						IPR003675;IPR042150;	mfc:BRM9_0529;mfi:DSM1535_0509;	K07052;	PF02517;		WP_048072153.1;		POORLY CHARACTERIZED	General function prediction only 	Predicted metal-dependent membrane protease	COG1266	1.88082	204	220	44	174	150	66	212	204	52
Archaea	Euryarchaeota	Methanobacteria	Methanobacteriales	Methanobacteriaceae	Methanobacterium	Methanobacterium formicicum						IPR004457;IPR004470;IPR040141;IPR042451;IPR042452;	mfc:BRM9_0554;mfi:DSM1535_0535;	K06874;	PF03367;		WP_052399945.1;		POORLY CHARACTERIZED	General function prediction only 	C4-type Zn-finger protein	COG1779	1.88082	128	118	36	88	136	38	94	116	34
Archaea	Euryarchaeota	Methanobacteria	Methanobacteriales	Methanobacteriaceae	Methanobacterium	Methanobacterium formicicum						IPR007163;	mfc:BRM9_0574;mfi:DSM1535_0555;	K08974;	PF04018;		WP_048072194.1;		POORLY CHARACTERIZED	Function unknown 	Predicted membrane protein	COG2035	3.76164	316	284	128	296	368	72	332	256	92
Archaea	Euryarchaeota	Methanobacteria	Methanobacteriales	Methanobacteriaceae	Methanobacterium	Methanobacterium formicicum						IPR003593;IPR009019;IPR027417;IPR029060;IPR002716;IPR001482;	mfc:BRM9_0589;	K06865;	PF01850;PF00437;		WP_048084737.1;		POORLY CHARACTERIZED	General function prediction only 	ATPase (PilT family)	COG1855	1.88082	96	126	28	106	114	30	100	96	34
Archaea	Euryarchaeota	Methanobacteria	Methanobacteriales	Methanobacteriaceae	Methanobacterium	Methanobacterium formicicum						IPR029064;IPR004038;IPR018492;IPR022481;IPR000948;	mfc:BRM9_0599;mfi:DSM1535_0581;	K02936;	PF01248;		WP_048072215.1;		INFORMATION STORAGE AND PROCESSING	Translation, ribosomal structure and biogenesis 	Ribosomal protein HS6-type (S12/L30/L7a)	COG1358	1.88082	70	70	16	60	74	26	66	64	22
Archaea	Euryarchaeota	Methanobacteria	Methanobacteriales	Methanobacteriaceae	Methanobacterium	Methanobacterium formicicum							mfc:BRM9_1432;mfi:DSM1535_2132;				WP_048073483.1;		POORLY CHARACTERIZED	Function unknown 	Uncharacterized protein conserved in bacteria	COG3421	1.89556	76	86	14	62	64	14	84	54	22
Archaea	Euryarchaeota	Methanobacteria	Methanobacteriales	Methanobacteriaceae	Methanobacterium	Methanobacterium formicicum						IPR001377;IPR020924;IPR018282;	mfc:BRM9_0604;mfi:DSM1535_0586;	K02991;	PF01092;		WP_048072219.1;		INFORMATION STORAGE AND PROCESSING	Translation, ribosomal structure and biogenesis 	Ribosomal protein S6E (S10)	COG2125	1.88082	54	92	30	66	58	24	62	72	32
Archaea	Euryarchaeota	Methanobacteria	Methanobacteriales	Methanobacteriaceae	Methanobacterium	Methanobacterium formicicum						IPR002155;IPR016039;IPR020617;IPR020616;	mfc:BRM9_1452;mfi:DSM1535_2143;	K00626;	PF02803;PF00108;		WP_048073492.1;		METABOLISM	Lipid transport and metabolism 	Acetyl-CoA acetyltransferase	COG0183	1.89556	208	202	62	170	206	60	196	186	78
Archaea	Euryarchaeota	Methanobacteria	Methanobacteriales	Methanobacteriaceae	Methanobacterium	Methanobacterium formicicum			cd00865;			IPR008914;IPR036610;IPR005247;	mfc:BRM9_0619;mfi:DSM1535_0600;		PF01161;		WP_048072230.1;		POORLY CHARACTERIZED	General function prediction only 	Phospholipid-binding protein	COG1881	1.87322	88	88	32	108	94	18	72	82	32
Archaea	Euryarchaeota	Methanobacteria	Methanobacteriales	Methanobacteriaceae	Methanobacterium	Methanobacterium formicicum						IPR036809;IPR023140;	mfc:BRM9_0634;mfi:DSM1535_0608;	K09728;	PF04010;		WP_048072238.1;		POORLY CHARACTERIZED	Function unknown 	Uncharacterized protein conserved in archaea	COG1849	1.87322	40	46	12	44	40	24	34	38	14
Archaea	Euryarchaeota	Methanobacteria	Methanobacteriales	Methanobacteriaceae	Methanobacterium	Methanobacterium formicicum						IPR002489;IPR036485;IPR012061;	mfc:BRM9_0649;mfi:DSM1535_0621;	K22082;	PF01493;		WP_048072251.1;		METABOLISM	Amino acid transport and metabolism 	Glutamate synthase domain 3	COG0070	1.87322	110	114	42	128	92	44	146	120	40
Archaea	Euryarchaeota	Methanobacteria	Methanobacteriales	Methanobacteriaceae	Methanobacterium	Methanobacterium formicicum						IPR029020;IPR001905;IPR018047;IPR024041;	mfc:BRM9_0655;mfi:DSM1535_0627;	K03320;	PF00909;		WP_048072256.1;		METABOLISM	Inorganic ion transport and metabolism 	Ammonia permease	COG0004	1.87322	238	218	78	186	258	72	230	176	80
Archaea	Euryarchaeota	Methanobacteria	Methanobacteriales	Methanobacteriaceae	Methanobacterium	Methanobacterium formicicum						IPR002804;IPR022952;IPR023572;IPR036820;	mfc:BRM9_0671;mfi:DSM1535_0642;		PF01951;				POORLY CHARACTERIZED	Function unknown 	Uncharacterized conserved protein	COG1371	1.87322	80	84	32	64	72	22	96	54	34
Archaea	Euryarchaeota	Methanobacteria	Methanobacteriales	Methanobacteriaceae	Methanobacterium	Methanobacterium formicicum			cd00093;			IPR001387;IPR010982;	mfc:BRM9_0717;mfi:DSM1535_0669;	K07729;	PF01381;		WP_048072296.1;		INFORMATION STORAGE AND PROCESSING	Transcription 	Predicted transcriptional regulators	COG1476	1.87322	44	40	16	44	26	14	26	34	8
Archaea	Euryarchaeota	Methanobacteria	Methanobacteriales	Methanobacteriaceae	Methanobacterium	Methanobacterium formicicum						IPR031327;IPR008047;IPR001208;IPR041562;IPR027925;IPR033762;IPR012340;IPR027417;IPR036388;	mfc:BRM9_0722;mfi:DSM1535_0674;	K10726;	PF00493;PF17855;PF14551;PF17207;		WP_048072301.1;		INFORMATION STORAGE AND PROCESSING	Replication, recombination and repair 	Predicted ATPase involved in replication control, Cdc46/Mcm family	COG1241	1.87322	350	378	142	382	372	118	372	314	140
Archaea	Euryarchaeota	Methanobacteria	Methanobacteriales	Methanobacteriaceae	Methanobacterium	Methanobacterium formicicum						IPR005909;IPR039661;IPR006638;IPR023404;	mfc:BRM9_0747;mfi:DSM1535_0706;	K06936;			WP_048072324.1;		POORLY CHARACTERIZED	General function prediction only 	Predicted Fe-S oxidoreductase	COG1244	1.86163	228	178	52	238	186	52	186	200	64
Archaea	Euryarchaeota	Methanobacteria	Methanobacteriales	Methanobacteriaceae	Methanobacterium	Methanobacterium formicicum						IPR004370;IPR014347;	mfc:BRM9_0752;mfi:DSM1535_0712;	K01821;	PF01361;		WP_048072328.1;		POORLY CHARACTERIZED	General function prediction only 	Uncharacterized protein, 4-oxalocrotonate tautomerase homolog	COG1942	1.86163	34	50	8	48	44	18	40	50	10
Archaea	Euryarchaeota	Methanobacteria	Methanobacteriales	Methanobacteriaceae	Methanobacterium	Methanobacterium formicicum						IPR024370;IPR011862;	mfc:BRM9_0784;mfi:DSM1535_0744;	K02040;	PF12849;		WP_048072354.1;		METABOLISM	Inorganic ion transport and metabolism 	ABC-type phosphate transport system, periplasmic component	COG0226	1.86163	124	130	24	146	134	48	156	162	30
Archaea	Euryarchaeota	Methanobacteria	Methanobacteriales	Methanobacteriaceae	Methanobacterium	Methanobacterium formicicum						IPR006164;IPR009187;IPR016194;	mfc:BRM9_1589;mfi:DSM1535_2283;	K10979;	PF02735;		WP_048073611.1;		POORLY CHARACTERIZED	Function unknown 	Uncharacterized conserved protein	COG1273	1.87574	146	108	26	140	122	60	150	114	42
Archaea	Euryarchaeota	Methanobacteria	Methanobacteriales	Methanobacteriaceae	Methanobacterium	Methanobacterium formicicum							mfc:BRM9_1594;mfi:DSM1535_2288;				WP_048073615.1;		CELLULAR PROCESSES AND SIGNALING	Cell motility 	Flagellar motor component	COG1291	1.87574	46	46	22	48	30	8	66	32	6
Archaea	Euryarchaeota	Methanobacteria	Methanobacteriales	Methanobacteriaceae	Methanobacterium	Methanobacterium formicicum						IPR002699;	mfc:BRM9_0840;mfi:DSM1535_0802;	K02120;	PF01813;		WP_048072404.1;		METABOLISM	Energy production and conversion 	Archaeal/vacuolar-type H+-ATPase subunit D	COG1394	1.86163	0	51	3694	2	56	3770	2	50	3802
Archaea	Euryarchaeota	Methanobacteria	Methanobacteriales	Methanobacteriaceae	Methanobacterium	Methanobacterium formicicum							mfc:BRM9_0850;mfi:DSM1535_0813;						POORLY CHARACTERIZED	Function unknown 	Uncharacterized protein conserved in bacteria	COG3171	1.86163	24	22	4	18	12	12	32	28	12
Archaea	Euryarchaeota	Methanobacteria	Methanobacteriales	Methanobacteriaceae	Methanobacterium	Methanobacterium formicicum						IPR029069;	mfc:BRM9_1609;mfi:DSM1535_2304;	K07107;			WP_048073628.1;		POORLY CHARACTERIZED	General function prediction only 	Predicted thioesterase	COG0824	1.87574	84	52	26	76	76	42	78	76	26
Archaea	Euryarchaeota	Methanobacteria	Methanobacteriales	Methanobacteriaceae	Methanobacterium	Methanobacterium formicicum						IPR003850;IPR036604;	mfc:BRM9_1614;mfi:DSM1535_2309;	K23264;	PF02700;		WP_048073633.1;	UPA00074;UER00128	METABOLISM	Nucleotide transport and metabolism 	Phosphoribosylformylglycinamidine (FGAM) synthase, PurS component	COG1828	1.87574	36	36	10	56	48	26	64	36	10
Archaea	Euryarchaeota	Methanobacteria	Methanobacteriales	Methanobacteriaceae	Methanobacterium	Methanobacterium formicicum							mfc:BRM9_1624;mfi:DSM1535_2319;				WP_048073641.1;		CELLULAR PROCESSES AND SIGNALING	Nuclear structure 	Importin beta-related nuclear transport receptor	COG5101	1.87574	56	42	12	50	46	14	50	46	20
Archaea	Euryarchaeota	Methanobacteria	Methanobacteriales	Methanobacteriaceae	Methanobacterium	Methanobacterium formicicum						IPR004647;IPR036660;	mfc:BRM9_0900;mfi:DSM1535_0867;	K01678;	PF05683;		WP_048072458.1;		METABOLISM	Energy production and conversion 	Tartrate dehydratase beta subunit/Fumarate hydratase class I, C-terminal domain	COG1838	1.86163	86	80	24	112	84	22	88	112	40
Archaea	Euryarchaeota	Methanobacteria	Methanobacteriales	Methanobacteriaceae	Methanobacterium	Methanobacterium formicicum			cd02197;			IPR011854;IPR010918;IPR036676;IPR016188;IPR036921;	mfc:BRM9_1634;	K04655;	PF00586;PF02769;		WP_048085401.1;		CELLULAR PROCESSES AND SIGNALING	Posttranslational modification, protein turnover, chaperones 	Hydrogenase maturation factor	COG0309	1.87574	144	190	60	184	152	52	154	176	46
Archaea	Euryarchaeota	Methanobacteria	Methanobacteriales	Methanobacteriaceae	Methanobacterium	Methanobacterium formicicum						IPR006134;IPR043502;IPR042087;IPR023211;	mfc:BRM9_1639;	K02319;	PF00136;				INFORMATION STORAGE AND PROCESSING	Replication, recombination and repair 	DNA polymerase elongation subunit (family B)	COG0417	1.87574	108	134	22	130	142	32	112	104	40
Archaea	Euryarchaeota	Methanobacteria	Methanobacteriales	Methanobacteriaceae	Methanobacterium	Methanobacterium formicicum			cd00851;			IPR003731;IPR036105;IPR033913;	mfc:BRM9_0945;mfi:DSM1535_0915;		PF02579;		WP_048072501.1;		POORLY CHARACTERIZED	Function unknown 	Uncharacterized conserved protein	COG1433	1.86163	74	78	20	68	90	16	54	84	32
Archaea	Euryarchaeota	Methanobacteria	Methanobacteriales	Methanobacteriaceae	Methanobacterium	Methanobacterium formicicum						IPR026327;IPR011312;	mfc:BRM9_0950;mfi:DSM1535_0920;		PF04609;		WP_048072504.1;		POORLY CHARACTERIZED	General function prediction only 	Uncharacterized protein related to methyl coenzyme M reductase subunit C	COG4052	1.86163	74	70	24	90	81	31	83	92	33
Archaea	Euryarchaeota	Methanobacteria	Methanobacteriales	Methanobacteriaceae	Methanobacterium	Methanobacterium formicicum							mfc:BRM9_1716;mfi:DSM1535_2356;				WP_023991715.1;		POORLY CHARACTERIZED	Function unknown 	Predicted membrane protein	COG4803	1.87574	90	92	22	76	100	38	60	90	32
Archaea	Euryarchaeota	Methanobacteria	Methanobacteriales	Methanobacteriaceae	Methanobacterium	Methanobacterium formicicum						IPR025937;	mfc:BRM9_1721;mfi:DSM1535_2361;	K02009;	PF13190;		WP_023991710.1;		METABOLISM	Inorganic ion transport and metabolism 	ABC-type phosphate transport system, permease component	COG0573	1.87574	50	58	12	58	74	18	48	44	12
Archaea	Euryarchaeota	Methanobacteria	Methanobacteriales	Methanobacteriaceae	Methanobacterium	Methanobacterium formicicum						IPR037038;IPR008201;	mfc:BRM9_0986;		PF01934;		WP_048085026.1;		POORLY CHARACTERIZED	Function unknown 	Uncharacterized conserved protein	COG2445	1.88082	0	0	0	0	0	0	0	0	0
Archaea	Euryarchaeota	Methanobacteria	Methanobacteriales	Methanobacteriaceae	Methanobacterium	Methanobacterium formicicum						IPR016195;IPR023539;IPR002738;	mfc:BRM9_1741;mfi:DSM1535_2380;	K03539;	PF01876;		WP_048073685.1;		INFORMATION STORAGE AND PROCESSING	Translation, ribosomal structure and biogenesis 	RNase P/RNase MRP subunit p30	COG1603	1.87574	136	124	42	120	112	34	124	82	52
Archaea	Euryarchaeota	Methanobacteria	Methanobacteriales	Methanobacteriaceae	Methanobacterium	Methanobacterium formicicum						IPR012031;	mfc:BRM9_1756;mfi:DSM1535_2395;		PF08979;		WP_048073698.1;		POORLY CHARACTERIZED	Function unknown 	Uncharacterized protein conserved in archaea	COG4033	1.87574	52	50	18	72	42	10	58	56	24
Archaea	Euryarchaeota	Methanobacteria	Methanobacteriales	Methanobacteriaceae	Methanobacterium	Methanobacterium formicicum						IPR008553;IPR014774;IPR027417;	mfc:BRM9_0996;mfi:DSM1535_1654;		PF06745;PF05763;		WP_048073102.1;		CELLULAR PROCESSES AND SIGNALING	Signal transduction mechanisms 	RecA-superfamily ATPases implicated in signal transduction	COG0467	1.88054	146	102	42	112	114	30	130	108	46
Archaea	Euryarchaeota	Methanobacteria	Methanobacteriales	Methanobacteriaceae	Methanobacterium	Methanobacterium formicicum						IPR016181;IPR000182;IPR003594;IPR036890;	mfc:BRM9_1766;mfi:DSM1535_2406;		PF00583;PF13581;		WP_048074005.1;		CELLULAR PROCESSES AND SIGNALING	Signal transduction mechanisms 	Anti-sigma regulatory factor (Ser/Thr protein kinase)	COG2172	1.87574	244	226	82	264	278	112	250	250	88
Archaea	Euryarchaeota	Methanobacteria	Methanobacteriales	Methanobacteriaceae	Methanobacterium	Methanobacterium formicicum			cd01041;			IPR012347;IPR009040;IPR009078;IPR003251;	mfc:BRM9_1006;mfi:DSM1535_1664;		PF02915;		WP_048073111.1;		METABOLISM	Energy production and conversion 	Rubrerythrin	COG1592	1.88054	100	130	36	96	116	28	142	112	30
Archaea	Euryarchaeota	Methanobacteria	Methanobacteriales	Methanobacteriaceae	Methanobacterium	Methanobacterium formicicum						IPR005937;IPR003593;IPR041569;IPR003959;IPR003960;IPR023501;IPR027417;IPR032501;	mfc:BRM9_1788;mfi:DSM1535_2430;	K03420;	PF00004;PF17862;PF16450;		WP_048073724.1;		CELLULAR PROCESSES AND SIGNALING	Posttranslational modification, protein turnover, chaperones 	ATP-dependent 26S proteasome regulatory subunit	COG1222	1.87574	252	262	62	194	222	90	166	212	80
Archaea	Euryarchaeota	Methanobacteria	Methanobacteriales	Methanobacteriaceae	Methanobacterium	Methanobacterium formicicum						IPR003745;	mfc:BRM9_1026;mfi:DSM1535_1684;		PF02593;		WP_048073128.1;		POORLY CHARACTERIZED	Function unknown 	Uncharacterized protein conserved in archaea	COG1810	1.89556	132	110	46	130	124	42	100	104	56
Archaea	Euryarchaeota	Methanobacteria	Methanobacteriales	Methanobacteriaceae	Methanobacterium	Methanobacterium formicicum						IPR005824;IPR005100;IPR006645;IPR036735;IPR014722;IPR011590;IPR008991;	mfc:BRM9_1813;mfi:DSM1535_2455;	K02601;	PF00467;PF03439;		WP_048073748.1;		INFORMATION STORAGE AND PROCESSING	Transcription 	Transcription antiterminator	COG0250	1.87574	78	58	32	80	72	28	74	72	28
Archaea	Euryarchaeota	Methanobacteria	Methanobacteriales	Methanobacteriaceae	Methanobacterium	Methanobacterium formicicum						IPR002780;IPR042244;IPR042243;	mfc:BRM9_1828;mfi:DSM1535_0011;	K04654;	PF01924;				CELLULAR PROCESSES AND SIGNALING	Posttranslational modification, protein turnover, chaperones 	Hydrogenase maturation factor	COG0409	1.88082	198	194	56	200	170	66	196	182	74
Archaea	Euryarchaeota	Methanobacteria	Methanobacteriales	Methanobacteriaceae	Methanobacterium	Methanobacterium formicicum						IPR036278;	mfc:BRM9_1061;				WP_048085063.1;		CELLULAR PROCESSES AND SIGNALING	Intracellular trafficking, secretion, and vesicular transport 	Sec-independent protein secretion pathway component TatC	COG0805	3.79112	216	296	64	248	220	68	292	240	112
Archaea	Euryarchaeota	Methanobacteria	Methanobacteriales	Methanobacteriaceae	Methanobacterium	Methanobacterium formicicum						IPR002794;	mfc:BRM9_1853;mfi:DSM1535_0037;		PF01940;		WP_048071758.1;		POORLY CHARACTERIZED	Function unknown 	Predicted membrane protein	COG1836	1.88082	104	130	36	124	126	28	96	88	34
Archaea	Euryarchaeota	Methanobacteria	Methanobacteriales	Methanobacteriaceae	Methanobacterium	Methanobacterium formicicum						IPR011010;IPR013762;IPR002104;IPR010998;IPR033686;	mfc:BRM9_1869;mfi:DSM1535_0052;	K04763;	PF00589;				INFORMATION STORAGE AND PROCESSING	Replication, recombination and repair 	Site-specific recombinase XerD	COG4974	1.88082	186	170	52	168	172	56	204	186	60
Archaea	Euryarchaeota	Methanobacteria	Methanobacteriales	Methanobacteriaceae	Methanobacterium	Methanobacterium formicicum						IPR002765;IPR035439;	mfc:BRM9_1890;mfi:DSM1535_0072;		PF01906;				POORLY CHARACTERIZED	Function unknown 	Uncharacterized conserved protein	COG0393	1.88082	166	162	68	142	144	66	132	136	60
Archaea	Euryarchaeota	Methanobacteria	Methanobacteriales	Methanobacteriaceae	Methanobacterium	Methanobacterium formicicum			cd05793;			IPR012340;IPR006196;IPR001253;IPR018104;	mfc:BRM9_1937;mfi:DSM1535_0125;	K03236;	PF01176;		WP_048071829.1;		INFORMATION STORAGE AND PROCESSING	Translation, ribosomal structure and biogenesis 	Translation initiation factor 1 (IF-1)	COG0361	1.88082	58	50	14	40	64	24	62	78	20
Archaea	Euryarchaeota	Methanobacteria	Methanobacteriales	Methanobacteriaceae	Methanobacterium	Methanobacterium formicicum						IPR003593;IPR005938;IPR041569;IPR009010;IPR003959;IPR003960;IPR004201;IPR029067;IPR003338;IPR027417;	mfc:BRM9_1992;mfi:DSM1535_0184;	K13525;	PF00004;PF17862;PF02933;PF02359;				CELLULAR PROCESSES AND SIGNALING	Posttranslational modification, protein turnover, chaperones 	ATPases of the AAA+ class	COG0464	5.64246	1110	1170	342	1278	1266	348	1170	1248	426
Archaea	Euryarchaeota	Methanobacteria	Methanobacteriales	Methanobacteriaceae	Methanobacterium	Methanobacterium formicicum							mfc:BRM9_1997;mfi:DSM1535_0189;				WP_048071884.1;		CELLULAR PROCESSES AND SIGNALING	Cell wall/membrane/envelope biogenesis 	UDP-N-acetylmuramyl pentapeptide phosphotransferase/UDP-N-acetylglucosamine-1-phosphate transferase	COG0472	1.88082	146	148	54	166	122	58	146	200	42
Archaea	Euryarchaeota	Methanobacteria	Methanobacteriales	Methanobacteriaceae	Methanobacterium	Methanobacterium formicicum						IPR004276;	mfc:BRM9_2002;mfi:DSM1535_0194;	K02563;	PF03033;		WP_048071888.1;		CELLULAR PROCESSES AND SIGNALING	Cell wall/membrane/envelope biogenesis 	UDP-N-acetylglucosamine:LPS N-acetylglucosamine transferase	COG0707	1.88082	196	146	70	178	176	78	206	188	56
Archaea	Euryarchaeota	Methanobacteria	Methanobacteriales	Methanobacteriaceae	Methanobacterium	Methanobacterium formicicum						IPR043519;IPR002934;	mfc:BRM9_1177;mfi:DSM1535_1857;	K07076;	PF01909;		WP_048073261.1;		POORLY CHARACTERIZED	General function prediction only 	Predicted nucleotidyltransferases	COG1708	1.89556	68	48	20	84	42	22	52	46	14
Archaea	Euryarchaeota	Methanobacteria	Methanobacteriales	Methanobacteriaceae	Methanobacterium	Methanobacterium formicicum						IPR006555;IPR014013;IPR006935;IPR001650;IPR027417;	mfc:BRM9_1182;	K03722;	PF13307;PF04851;		WP_048085133.1;		INFORMATION STORAGE AND PROCESSING	Transcription 	Rad3-related DNA helicases	COG1199	1.89556	260	284	92	290	320	84	304	282	100
Archaea	Euryarchaeota	Methanobacteria	Methanobacteriales	Methanobacteriaceae	Methanobacterium	Methanobacterium formicicum			cd08768;			IPR003593;IPR015163;IPR014277;IPR027417;IPR036388;IPR036390;	mfc:BRM9_0001;mfi:DSM1535_1319;	K10725;	PF13401;PF09079;		WP_048072842.1;		INFORMATION STORAGE AND PROCESSING	Replication, recombination and repair 	Cdc6-related protein, AAA superfamily ATPase	COG1474	1.88054	226	200	38	184	208	48	210	228	76
Archaea	Euryarchaeota	Methanobacteria	Methanobacteriales	Methanobacteriaceae	Methanobacterium	Methanobacterium formicicum						IPR002822;	mfc:BRM9_0011;mfi:DSM1535_1329;		PF01969;		WP_048072852.1;		POORLY CHARACTERIZED	Function unknown 	Uncharacterized conserved protein	COG1641	3.76108	156	136	72	192	176	68	200	208	40
Archaea	Euryarchaeota	Methanobacteria	Methanobacteriales	Methanobacteriaceae	Methanobacterium	Methanobacterium formicicum						IPR002528;	mfc:BRM9_2054;mfi:DSM1535_1634;		PF01554;		WP_048073089.1;		CELLULAR PROCESSES AND SIGNALING	Defense mechanisms 	Na+-driven multidrug efflux pump	COG0534	3.76108	500	432	188	484	496	168	456	512	160
Archaea	Euryarchaeota	Methanobacteria	Methanobacteriales	Methanobacteriaceae	Methanobacterium	Methanobacterium formicicum						IPR004161;IPR031157;IPR027417;IPR005225;IPR000795;IPR009000;IPR009001;IPR004539;IPR004160;	mfc:BRM9_2064;mfi:DSM1535_1622;	K03231;	PF00009;PF03144;PF03143;		WP_048073082.1;		INFORMATION STORAGE AND PROCESSING	Translation, ribosomal structure and biogenesis 	Translation elongation factor EF-1alpha (GTPase)	COG5256	1.88054	228	222	76	234	242	80	218	216	76
Archaea	Euryarchaeota	Methanobacteria	Methanobacteriales	Methanobacteriaceae	Methanobacterium	Methanobacterium formicicum						IPR000783;IPR039531;IPR035913;IPR020609;	mfc:BRM9_2074;mfi:DSM1535_1612;	K03053;	PF01191;		WP_023991380.1;		INFORMATION STORAGE AND PROCESSING	Transcription 	DNA-directed RNA polymerase, subunit H, RpoH/RPB5	COG2012	1.88054	48	36	18	48	60	22	44	56	18
Archaea	Euryarchaeota	Methanobacteria	Methanobacteriales	Methanobacteriaceae	Methanobacterium	Methanobacterium formicicum							mfc:BRM9_0077;mfi:DSM1535_1395;				WP_048072908.1;		POORLY CHARACTERIZED	Function unknown 	Predicted membrane protein	COG5291	1.88054	84	76	30	86	86	38	88	82	28
Archaea	Euryarchaeota	Methanobacteria	Methanobacteriales	Methanobacteriaceae	Methanobacterium	Methanobacterium formicicum						IPR012429;	mfc:BRM9_0084;mfi:DSM1535_1401;		PF07786;		WP_048072912.1;		POORLY CHARACTERIZED	Function unknown 	Predicted membrane protein	COG3503	1.88054	148	162	32	124	142	44	126	170	52
Archaea	Euryarchaeota	Methanobacteria	Methanobacteriales	Methanobacteriaceae	Methanobacterium	Methanobacterium formicicum			cd00130;			IPR003594;IPR036890;IPR005467;IPR001610;IPR000014;IPR000700;IPR035965;IPR013656;IPR013767;IPR011495;	mfc:BRM9_2109;mfi:DSM1535_1572;		PF02518;PF07568;PF00989;PF08448;		WP_052400035.1;		CELLULAR PROCESSES AND SIGNALING	Signal transduction mechanisms 	Signal transduction histidine kinase	COG3920	1.88054	155	130	58	160	157	58	143	170	48
Archaea	Euryarchaeota	Methanobacteria	Methanobacteriales	Methanobacteriaceae	Methanobacterium	Methanobacterium formicicum							mfc:BRM9_2114;				WP_048085709.1;		METABOLISM	Coenzyme transport and metabolism 	Glutathione synthase/Ribosomal protein S6 modification enzyme (glutaminyl transferase)	COG0189	1.88054	54	36	14	30	30	8	30	26	14
Archaea	Euryarchaeota	Methanobacteria	Methanobacteriales	Methanobacteriaceae	Methanobacterium	Methanobacterium formicicum						IPR036188;IPR002922;IPR022828;	mfc:BRM9_1347;mfi:DSM1535_2031;	K22699;			WP_048073403.1;	UPA00060	METABOLISM	Coenzyme transport and metabolism 	Flavoprotein involved in thiazole biosynthesis	COG1635	1.89556	2	134	4674	2	160	4830	4	124	4870
Archaea	Euryarchaeota	Methanobacteria	Methanobacteriales	Methanobacteriaceae	Methanobacterium	Methanobacterium formicicum						IPR039063;IPR023470;IPR023602;IPR023465;	mfc:BRM9_0089;mfi:DSM1535_1407;	K07732;	PF01982;		WP_048073881.1;	UPA00276;UER00929	INFORMATION STORAGE AND PROCESSING	Transcription 	Transcriptional regulator of a riboflavin/FAD biosynthetic operon	COG1339	1.88054	0	34	2180	0	80	2140	0	74	2312
Archaea	Euryarchaeota	Methanobacteria	Methanobacteriales	Methanobacteriaceae	Methanobacterium	Methanobacterium formicicum							mfc:BRM9_1352;mfi:DSM1535_2036;						POORLY CHARACTERIZED	Function unknown 	Uncharacterized conserved protein	COG3334	1.89556	42	38	4	24	20	10	24	20	14
Archaea	Euryarchaeota	Methanobacteria	Methanobacteriales	Methanobacteriaceae	Methanobacterium	Methanobacterium formicicum			cd01356;			IPR020794;IPR012016;IPR002840;	mfc:BRM9_0139;mfi:DSM1535_1462;	K09128;	PF01989;				POORLY CHARACTERIZED	Function unknown 	Uncharacterized conserved protein	COG1786	1.88054	60	68	14	82	66	16	90	82	10
Archaea	Euryarchaeota	Methanobacteria	Methanobacteriales	Methanobacteriaceae	Methanobacterium	Methanobacterium formicicum							mfc:BRM9_0149;mfi:DSM1535_1472;				WP_023991241.1;		INFORMATION STORAGE AND PROCESSING	Translation, ribosomal structure and biogenesis 	Ribosomal protein L40E	COG1552	1.88054	68	64	12	78	80	24	64	56	26
Archaea	Euryarchaeota	Methanobacteria	Methanobacteriales	Methanobacteriaceae	Methanobacterium	Methanobacterium formicicum							mfc:BRM9_2129;mfi:DSM1535_1551;				WP_048073020.1;		POORLY CHARACTERIZED	Function unknown 	Uncharacterized protein conserved in bacteria	COG4849	1.88054	46	46	10	58	44	12	74	56	18
Archaea	Euryarchaeota	Methanobacteria	Methanobacteriales	Methanobacteriaceae	Methanobacterium	Methanobacterium formicicum						IPR000644;	mfc:BRM9_2144;		PF00571;		WP_048085727.1;		POORLY CHARACTERIZED	General function prediction only 	FOG: CBS domain	COG0517	5.641620000000001	186	186	114	174	132	48	174	180	42
Archaea	Euryarchaeota	Methanobacteria	Methanobacteriales	Methanobacteriaceae	Methanobacterium	Methanobacterium formicicum						IPR019208;	mfc:BRM9_0181;mfi:DSM1535_1499;		PF09870;		WP_048073888.1;		POORLY CHARACTERIZED	Function unknown 	Uncharacterized protein conserved in archaea	COG4013	1.88054	56	48	20	38	50	26	78	54	24
Archaea	Euryarchaeota	Methanobacteria	Methanobacteriales	Methanobacteriaceae	Methanobacterium	Methanobacterium formicicum						IPR007159;IPR037914;	mfc:BRM9_1433;mfi:DSM1535_2133;				WP_048073484.1;		INFORMATION STORAGE AND PROCESSING	Transcription 	Regulators of stationary/sporulation gene expression	COG2002	1.89556	42	46	8	38	50	10	28	60	10
Archaea	Euryarchaeota	Methanobacteria	Methanobacteriales	Methanobacteriaceae	Methanobacterium	Methanobacterium formicicum						IPR017896;IPR017900;IPR043256;	mfc:BRM9_0211;mfi:DSM1535_1527;	K00205;	PF00037;PF13237;PF12838;		WP_048073001.1;		METABOLISM	Energy production and conversion 	MinD superfamily P-loop ATPase containing an inserted ferredoxin domain	COG1149	16.92486	1530	1602	288	1476	1314	396	1998	1512	504
Archaea	Euryarchaeota	Methanobacteria	Methanobacteriales	Methanobacteriaceae	Methanobacterium	Methanobacterium formicicum							mfc:BRM9_2189;mfi:DSM1535_1120;				WP_052400037.1;		POORLY CHARACTERIZED	General function prediction only 	Mu-like prophage I protein	COG4388	1.88054	68	72	28	54	74	12	54	64	8
Archaea	Euryarchaeota	Methanobacteria	Methanobacteriales	Methanobacteriaceae	Methanobacterium	Methanobacterium formicicum			cd00090;			IPR011991;IPR001845;IPR036388;IPR036390;	mfc:BRM9_2194;mfi:DSM1535_1125;		PF01022;		WP_048072671.1;		INFORMATION STORAGE AND PROCESSING	Transcription 	Predicted transcriptional regulators	COG0640	1.88054	62	42	22	72	70	30	60	76	22
Archaea	Euryarchaeota	Methanobacteria	Methanobacteriales	Methanobacteriaceae	Methanobacterium	Methanobacterium formicicum						IPR039428;	mfc:BRM9_0226;mfi:DSM1535_1079;	K14114;	PF00420;		WP_048072633.1;		METABOLISM	Inorganic ion transport and metabolism 	Multisubunit Na+/H+ antiporter, MnhC subunit	COG1006	1.88054	80	38	16	62	66	12	60	66	22
Archaea	Euryarchaeota	Methanobacteria	Methanobacteriales	Methanobacteriaceae	Methanobacterium	Methanobacterium formicicum						IPR026669;IPR025714;IPR029063;	mfc:BRM9_2216;mfi:DSM1535_1146;		PF13847;		WP_048072691.1;		INFORMATION STORAGE AND PROCESSING	Translation, ribosomal structure and biogenesis 	tRNA(1-methyladenosine) methyltransferase and related methyltransferases	COG2519	1.88054	96	122	32	102	68	30	86	104	24
Archaea	Euryarchaeota	Methanobacteria	Methanobacteriales	Methanobacteriaceae	Methanobacterium	Methanobacterium formicicum							mfc:BRM9_2226;mfi:DSM1535_1156;				WP_048072699.1;		METABOLISM	Inorganic ion transport and metabolism 	Co/Zn/Cd efflux system component	COG1230	1.88054	68	90	32	94	110	32	96	80	24
Archaea	Euryarchaeota	Methanobacteria	Methanobacteriales	Methanobacteriaceae	Methanobacterium	Methanobacterium formicicum						IPR002912;IPR011006;IPR040537;IPR015832;	mfc:BRM9_0256;mfi:DSM1535_1049;	K06862;	PF13291;PF18462;		WP_048072607.1;		POORLY CHARACTERIZED	General function prediction only 	ACT domain-containing protein	COG1707	1.88054	118	68	38	112	90	56	142	108	44
Archaea	Euryarchaeota	Methanobacteria	Methanobacteriales	Methanobacteriaceae	Methanobacterium	Methanobacterium formicicum						IPR019209;	mfc:BRM9_1483;mfi:DSM1535_2175;		PF09871;		WP_048073518.1;		POORLY CHARACTERIZED	Function unknown 	Uncharacterized protein conserved in archaea	COG4014	1.89556	62	64	18	52	46	22	58	64	30
Archaea	Euryarchaeota	Methanobacteria	Methanobacteriales	Methanobacteriaceae	Methanobacterium	Methanobacterium formicicum						IPR007003;	mfc:BRM9_2276;mfi:DSM1535_1210;	K07572;	PF04919;		WP_048072745.1;		INFORMATION STORAGE AND PROCESSING	Translation, ribosomal structure and biogenesis 	Predicted RNA-binding protein	COG1491	1.88054	100	106	36	82	84	38	90	110	30
Archaea	Euryarchaeota	Methanobacteria	Methanobacteriales	Methanobacteriaceae	Methanobacterium	Methanobacterium formicicum							mfc:BRM9_2281;				WP_048072749.1;		POORLY CHARACTERIZED	Function unknown 	Predicted membrane protein	COG4269	1.88054	180	194	58	170	184	64	168	158	58
Archaea	Euryarchaeota	Methanobacteria	Methanobacteriales	Methanobacteriaceae	Methanobacterium	Methanobacterium formicicum						IPR003593;IPR003439;IPR027417;	mfc:BRM9_2311;mfi:DSM1535_1245;	K02003;	PF00005;		WP_048072779.1;		CELLULAR PROCESSES AND SIGNALING	Defense mechanisms 	ABC-type antimicrobial peptide transport system, ATPase component	COG1136	1.88054	65	63	42	50	61	24	56	64	38
Archaea	Euryarchaeota	Methanobacteria	Methanobacteriales	Methanobacteriaceae	Methanobacterium	Methanobacterium formicicum			cd06088;			IPR005824;IPR014722;IPR041985;IPR008991;	mfc:BRM9_0378;mfi:DSM1535_0306;	K02875;	PF00467;		WP_048071980.1;		INFORMATION STORAGE AND PROCESSING	Translation, ribosomal structure and biogenesis 	Ribosomal protein L14E/L6E/L27E	COG2163	1.88082	12	20	6	30	13	6	21	33	12
Archaea	Euryarchaeota	Methanobacteria	Methanobacteriales	Methanobacteriaceae	Methanobacterium	Methanobacterium formicicum			cd01418;			IPR035970;IPR000196;IPR023638;IPR015972;IPR033936;IPR039547;	mfc:BRM9_0388;mfi:DSM1535_0316;	K02885;	PF01280;		WP_048071990.1;		INFORMATION STORAGE AND PROCESSING	Translation, ribosomal structure and biogenesis 	Ribosomal protein L19E	COG2147	1.88082	58	94	28	68	70	30	86	80	24
Archaea	Euryarchaeota	Methanobacteria	Methanobacteriales	Methanobacteriaceae	Methanobacterium	Methanobacterium formicicum						IPR002730;IPR036980;IPR023538;IPR023534;	mfc:BRM9_0398;	K03538;	PF01868;		WP_048071998.1;		INFORMATION STORAGE AND PROCESSING	Translation, ribosomal structure and biogenesis 	RNase P/RNase MRP subunit p29	COG1588	1.88082	48	52	12	42	42	6	50	56	12
Archaea	Euryarchaeota	Methanobacteria	Methanobacteriales	Methanobacteriaceae	Methanobacterium	Methanobacterium formicicum						IPR026493;	mfc:BRM9_1595;mfi:DSM1535_2289;				WP_048073616.1;		POORLY CHARACTERIZED	General function prediction only 	Uncharacterized archaeal Zn-finger protein	COG1326	1.87574	14	22	12	32	24	10	20	28	16
Archaea	Euryarchaeota	Methanobacteria	Methanobacteriales	Methanobacteriaceae	Methanobacterium	Methanobacterium formicicum						IPR000537;	mfc:BRM9_1600;mfi:DSM1535_2294;		PF01040;		WP_048073620.1;		METABOLISM	Coenzyme transport and metabolism 	4-hydroxybenzoate polyprenyltransferase and related prenyltransferases	COG0382	1.87574	126	130	48	150	154	58	160	118	68
Archaea	Euryarchaeota	Methanobacteria	Methanobacteriales	Methanobacteriaceae	Methanobacterium	Methanobacterium formicicum							mfc:BRM9_1660;mfi:DSM1535_0419;				WP_048072082.1;		INFORMATION STORAGE AND PROCESSING	Replication, recombination and repair 	DNA topoisomerase VI, subunit B	COG1389	1.88082	92	78	28	88	74	26	70	78	30
Archaea	Euryarchaeota	Methanobacteria	Methanobacteriales	Methanobacteriaceae	Methanobacterium	Methanobacterium formicicum						IPR002751;	mfc:BRM9_1717;mfi:DSM1535_2357;	K02007;	PF01891;		WP_023991714.1;		METABOLISM	Inorganic ion transport and metabolism 	ABC-type Co2+ transport system, permease component	COG0310	1.87574	80	100	38	114	110	32	118	140	42
Archaea	Euryarchaeota	Methanobacteria	Methanobacteriales	Methanobacteriaceae	Methanobacterium	Methanobacterium formicicum			cd00090;			IPR011991;IPR001845;IPR036388;IPR036390;	mfc:BRM9_1727;mfi:DSM1535_2367;	K03892;	PF01022;		WP_048073671.1;		INFORMATION STORAGE AND PROCESSING	Transcription 	Predicted transcriptional regulators	COG0640	1.87574	76	72	18	76	52	30	78	58	24
Archaea	Euryarchaeota	Methanobacteria	Methanobacteriales	Methanobacteriaceae	Methanobacterium	Methanobacterium formicicum						IPR025721;IPR026699;IPR004087;IPR004088;IPR036612;IPR012340;IPR023474;IPR022967;IPR003029;	mfc:BRM9_1737;mfi:DSM1535_2376;	K03679;	PF14382;PF15985;		WP_048073681.1;		INFORMATION STORAGE AND PROCESSING	Translation, ribosomal structure and biogenesis 	RNA-binding protein Rrp4 and related proteins (contain S1 domain and KH domain)	COG1097	1.87574	134	84	54	128	128	40	108	146	38
Archaea	Euryarchaeota	Methanobacteria	Methanobacteriales	Methanobacteriaceae	Methanobacterium	Methanobacterium formicicum						IPR002586;IPR010224;IPR027417;	mfc:BRM9_0547;mfi:DSM1535_0528;	K03609;	PF01656;		WP_048072169.1;		CELLULAR PROCESSES AND SIGNALING	Cell cycle control, cell division, chromosome partitioning 	ATPases involved in chromosome partitioning	COG0455	1.88082	154	150	30	156	142	36	166	98	52
Archaea	Euryarchaeota	Methanobacteria	Methanobacteriales	Methanobacteriaceae	Methanobacterium	Methanobacterium formicicum						IPR037587;IPR004942;	mfc:BRM9_0552;mfi:DSM1535_0533;	K07131;	PF03259;		WP_048072174.1;		POORLY CHARACTERIZED	General function prediction only 	Uncharacterized distant relative of homeotic protein bithoraxoid	COG2018	1.88082	46	56	20	72	62	20	80	62	14
Archaea	Euryarchaeota	Methanobacteria	Methanobacteriales	Methanobacteriaceae	Methanobacterium	Methanobacterium formicicum							mfc:BRM9_1784;mfi:DSM1535_2425;				WP_048073720.1;		METABOLISM	Carbohydrate transport and metabolism 	Exopolysaccharide biosynthesis protein related to N-acetylglucosamine-1-phosphodiester alpha-N-acetylglucosaminidase	COG4632	1.87574	82	78	18	60	88	26	82	90	22
Archaea	Euryarchaeota	Methanobacteria	Methanobacteriales	Methanobacteriaceae	Methanobacterium	Methanobacterium formicicum						IPR000644;	mfc:BRM9_1799;mfi:DSM1535_2440;		PF00571;		WP_048073734.1;		POORLY CHARACTERIZED	General function prediction only 	FOG: CBS domain	COG0517	5.627219999999999	480	396	120	462	486	138	420	414	150
Archaea	Euryarchaeota	Methanobacteria	Methanobacteriales	Methanobacteriaceae	Methanobacterium	Methanobacterium formicicum			cd00349;			IPR000911;IPR036796;IPR020783;IPR036769;IPR020785;IPR020784;	mfc:BRM9_1814;mfi:DSM1535_2456;	K02867;	PF00298;PF03946;		WP_048073749.1;		INFORMATION STORAGE AND PROCESSING	Translation, ribosomal structure and biogenesis 	Ribosomal protein L11	COG0080	1.87574	88	88	32	80	102	24	112	90	40
Archaea	Euryarchaeota	Methanobacteria	Methanobacteriales	Methanobacteriaceae	Methanobacterium	Methanobacterium formicicum							mfc:BRM9_1824;mfi:DSM1535_0007;				WP_048071733.1;		METABOLISM	Energy production and conversion 	Monomeric isocitrate dehydrogenase	COG2838	1.88082	36	34	6	54	52	10	58	26	16
Archaea	Euryarchaeota	Methanobacteria	Methanobacteriales	Methanobacteriaceae	Methanobacterium	Methanobacterium formicicum						IPR018109;IPR036565;IPR013221;	mfc:BRM9_1829;	K01925;	PF08245;				CELLULAR PROCESSES AND SIGNALING	Cell wall/membrane/envelope biogenesis 	UDP-N-acetylmuramoylalanine-D-glutamate ligase	COG0771	1.88082	222	214	82	230	206	78	262	240	68
Archaea	Euryarchaeota	Methanobacteria	Methanobacteriales	Methanobacteriaceae	Methanobacterium	Methanobacterium formicicum							mfc:BRM9_1839;mfi:DSM1535_0022;						INFORMATION STORAGE AND PROCESSING	Replication, recombination and repair 	Reverse gyrase	COG1110	3.76164	48	76	24	44	28	20	32	48	20
Archaea	Euryarchaeota	Methanobacteria	Methanobacteriales	Methanobacteriaceae	Methanobacterium	Methanobacterium formicicum			cd16011;			IPR017850;IPR023665;IPR006124;IPR004456;IPR042253;	mfc:BRM9_1854;	K15635;	PF01676;PF10143;			UPA00109;UER00186	METABOLISM	Carbohydrate transport and metabolism 	Predicted phosphoglycerate mutase, AP superfamily	COG3635	1.88082	250	190	72	220	218	82	204	232	64
Archaea	Euryarchaeota	Methanobacteria	Methanobacteriales	Methanobacteriaceae	Methanobacterium	Methanobacterium formicicum							mfc:BRM9_0617;						CELLULAR PROCESSES AND SIGNALING	Intracellular trafficking, secretion, and vesicular transport 	Preprotein translocase subunit SecD	COG0342	1.87322	20	20	16	34	20	8	32	22	6
Archaea	Euryarchaeota	Methanobacteria	Methanobacteriales	Methanobacteriaceae	Methanobacterium	Methanobacterium formicicum							mfc:BRM9_0642;mfi:DSM1535_0615;				WP_048072245.1;		CELLULAR PROCESSES AND SIGNALING	Cell motility 	Flagellar biosynthesis/type III secretory pathway lipoprotein	COG1766	1.87322	44	56	16	42	68	14	50	50	14
Archaea	Euryarchaeota	Methanobacteria	Methanobacteriales	Methanobacteriaceae	Methanobacterium	Methanobacterium formicicum						IPR022791;	mfc:BRM9_1875;mfi:DSM1535_0058;	K07027;	PF03706;		WP_048071776.1;		POORLY CHARACTERIZED	Function unknown 	Predicted integral membrane protein	COG0392	1.88082	196	176	62	192	200	66	194	212	58
Archaea	Euryarchaeota	Methanobacteria	Methanobacteriales	Methanobacteriaceae	Methanobacterium	Methanobacterium formicicum						IPR029020;IPR001905;IPR018047;IPR024041;	mfc:BRM9_0653;mfi:DSM1535_0625;	K03320;	PF00909;		WP_048072254.1;		METABOLISM	Inorganic ion transport and metabolism 	Ammonia permease	COG0004	1.87322	234	208	58	210	218	92	214	234	62
Archaea	Euryarchaeota	Methanobacteria	Methanobacteriales	Methanobacteriaceae	Methanobacterium	Methanobacterium formicicum						IPR002765;IPR035439;	mfc:BRM9_1891;mfi:DSM1535_0073;		PF01906;		WP_048071787.1;		POORLY CHARACTERIZED	Function unknown 	Uncharacterized conserved protein	COG0393	1.88082	58	60	20	74	58	12	36	50	16
Archaea	Euryarchaeota	Methanobacteria	Methanobacteriales	Methanobacteriaceae	Methanobacterium	Methanobacterium formicicum						IPR041698;IPR029063;	mfc:BRM9_0699;mfi:DSM1535_0653;	K15256;	PF13649;		WP_048072280.1;		METABOLISM	Coenzyme transport and metabolism 	Methylase involved in ubiquinone/menaquinone biosynthesis	COG2226	1.87322	106	122	44	134	110	40	118	106	28
Archaea	Euryarchaeota	Methanobacteria	Methanobacteriales	Methanobacteriaceae	Methanobacterium	Methanobacterium formicicum						IPR003674;	mfc:BRM9_0715;mfi:DSM1535_0667;	K21306;	PF02516;		WP_048072294.1;	UPA00378	POORLY CHARACTERIZED	General function prediction only 	Uncharacterized membrane protein, required for N-linked glycosylation	COG1287	1.87322	440	398	118	426	412	148	476	444	156
Archaea	Euryarchaeota	Methanobacteria	Methanobacteriales	Methanobacteriaceae	Methanobacterium	Methanobacterium formicicum						IPR027275;IPR011033;	mfc:BRM9_0730;mfi:DSM1535_0683;		PF05239;		WP_048072307.1;		POORLY CHARACTERIZED	Function unknown 	Uncharacterized conserved protein	COG1873	3.74644	184	212	84	180	220	76	172	188	68
Archaea	Euryarchaeota	Methanobacteria	Methanobacteriales	Methanobacteriaceae	Methanobacterium	Methanobacterium formicicum						IPR016041;IPR004486;IPR011005;	mfc:BRM9_0797;mfi:DSM1535_0759;	K00194;	PF03599;		WP_048072366.1;		METABOLISM	Energy production and conversion 	CO dehydrogenase/acetyl-CoA synthase delta subunit (corrinoid Fe-S protein)	COG2069	1.86163	186	182	66	236	190	44	208	194	58
Archaea	Euryarchaeota	Methanobacteria	Methanobacteriales	Methanobacteriaceae	Methanobacterium	Methanobacterium formicicum						IPR036734;	mfc:BRM9_1993;mfi:DSM1535_0185;				WP_048071880.1;		METABOLISM	Energy production and conversion 	Cytochrome bd-type quinol oxidase, subunit 1	COG1271	1.88082	194	182	52	192	194	72	194	216	62
Archaea	Euryarchaeota	Methanobacteria	Methanobacteriales	Methanobacteriaceae	Methanobacterium	Methanobacterium formicicum						IPR036148;IPR042183;IPR042188;IPR005656;	mfc:BRM9_0827;mfi:DSM1535_0790;		PF03972;		WP_048072392.1;		POORLY CHARACTERIZED	General function prediction only 	Uncharacterized protein involved in propionate catabolism	COG2079	1.86163	270	252	86	284	242	84	236	194	88
Archaea	Euryarchaeota	Methanobacteria	Methanobacteriales	Methanobacteriaceae	Methanobacterium	Methanobacterium formicicum						IPR002490;	mfc:BRM9_0832;	K02123;	PF01496;		WP_048072397.1;		METABOLISM	Energy production and conversion 	Archaeal/vacuolar-type H+-ATPase subunit I	COG1269	1.86163	8	348	11410	2	346	11436	2	332	11264
Archaea	Euryarchaeota	Methanobacteria	Methanobacteriales	Methanobacteriaceae	Methanobacterium	Methanobacterium formicicum							mfc:BRM9_0848;mfi:DSM1535_0811;						CELLULAR PROCESSES AND SIGNALING	Cell cycle control, cell division, chromosome partitioning 	Membrane-bound metallopeptidase	COG4942	5.58489	438	420	96	342	312	126	450	378	120
Archaea	Euryarchaeota	Methanobacteria	Methanobacteriales	Methanobacteriaceae	Methanobacterium	Methanobacterium formicicum						IPR024747;IPR012349;	mfc:BRM9_0858;mfi:DSM1535_0819;	K07005;	PF12900;		WP_048072414.1;		POORLY CHARACTERIZED	General function prediction only 	Predicted flavin-nucleotide-binding protein	COG3467	1.86163	100	88	18	72	94	26	90	70	38
Archaea	Euryarchaeota	Methanobacteria	Methanobacteriales	Methanobacteriaceae	Methanobacterium	Methanobacterium formicicum						IPR000644;IPR014743;IPR001807;	mfc:BRM9_0873;mfi:DSM1535_0836;	K03281;	PF00571;PF00654;		WP_048072428.1;		METABOLISM	Inorganic ion transport and metabolism 	Chloride channel protein EriC	COG0038	1.86163	334	302	130	298	286	102	316	264	96
Archaea	Euryarchaeota	Methanobacteria	Methanobacteriales	Methanobacteriaceae	Methanobacterium	Methanobacterium formicicum						IPR002938;IPR036188;	mfc:BRM9_2055;mfi:DSM1535_1633;	K17830;	PF01494;		WP_048073088.1;		METABOLISM	Energy production and conversion 	Dehydrogenases (flavoproteins)	COG0644	1.88054	194	186	62	182	202	60	172	150	66
Archaea	Euryarchaeota	Methanobacteria	Methanobacteriales	Methanobacteriaceae	Methanobacterium	Methanobacterium formicicum						IPR019587;IPR023393;	mfc:BRM9_2060;mfi:DSM1535_1628;		PF10604;		WP_048073084.1;		POORLY CHARACTERIZED	Function unknown 	Uncharacterized conserved protein	COG3832	1.88054	92	84	30	102	82	6	76	64	28
Archaea	Euryarchaeota	Methanobacteria	Methanobacteriales	Methanobacteriaceae	Methanobacterium	Methanobacterium formicicum						IPR017896;IPR017900;	mfc:BRM9_2085;mfi:DSM1535_1596;	K00176;	PF12838;				METABOLISM	Energy production and conversion 	Ferredoxin	COG1146	1.88054	17	28	9	19	16	5	25	18	9
Archaea	Euryarchaeota	Methanobacteria	Methanobacteriales	Methanobacteriaceae	Methanobacterium	Methanobacterium formicicum						IPR029756;IPR002767;	mfc:BRM9_0958;mfi:DSM1535_0928;		PF01910;		WP_048072512.1;		POORLY CHARACTERIZED	Function unknown 	Uncharacterized conserved protein	COG0011	1.86163	46	48	14	46	48	16	48	60	22
Archaea	Euryarchaeota	Methanobacteria	Methanobacteriales	Methanobacteriaceae	Methanobacterium	Methanobacterium formicicum						IPR014515;	mfc:BRM9_0973;mfi:DSM1535_0943;		PF09893;		WP_048072527.1;		POORLY CHARACTERIZED	Function unknown 	Uncharacterized protein conserved in archaea	COG4077	1.86163	92	84	22	84	62	24	92	66	16
Archaea	Euryarchaeota	Methanobacteria	Methanobacteriales	Methanobacteriaceae	Methanobacterium	Methanobacterium formicicum						IPR036286;IPR015927;IPR001733;	mfc:BRM9_0029;mfi:DSM1535_1349;	K13280;	PF00717;				CELLULAR PROCESSES AND SIGNALING	Intracellular trafficking, secretion, and vesicular transport 	Signal peptidase I	COG0681	1.88054	90	92	32	100	92	18	78	84	40
Archaea	Euryarchaeota	Methanobacteria	Methanobacteriales	Methanobacteriaceae	Methanobacterium	Methanobacterium formicicum						IPR017255;IPR016181;IPR000182;	mfc:BRM9_0065;mfi:DSM1535_1383;		PF00583;		WP_052399917.1;		POORLY CHARACTERIZED	General function prediction only 	Acetyltransferases	COG0456	1.88054	76	114	24	84	82	24	68	90	16
Archaea	Euryarchaeota	Methanobacteria	Methanobacteriales	Methanobacteriaceae	Methanobacterium	Methanobacterium formicicum			cd00130;			IPR011006;IPR001610;IPR000014;IPR000700;IPR035965;IPR013656;IPR013655;IPR001789;	mfc:BRM9_1049;	K13533;	PF08447;PF08448;PF13426;		WP_048085057.1;		METABOLISM	Energy production and conversion 	NADH:ubiquinone oxidoreductase subunit 4 (chain M)	COG1008	1.89556	0	0	0	0	0	0	0	0	0
Archaea	Euryarchaeota	Methanobacteria	Methanobacteriales	Methanobacteriaceae	Methanobacterium	Methanobacterium formicicum						IPR012963;	mfc:BRM9_2195;mfi:DSM1535_1126;		PF08006;		WP_048072672.1;		POORLY CHARACTERIZED	Function unknown 	Predicted membrane protein	COG4709	1.88054	49	55	38	59	46	30	54	55	38
Archaea	Euryarchaeota	Methanobacteria	Methanobacteriales	Methanobacteriaceae	Methanobacterium	Methanobacterium formicicum							mfc:BRM9_2217;mfi:DSM1535_1147;				WP_048072692.1;		METABOLISM	Energy production and conversion 	Uncharacterized Fe-S protein	COG1600	1.88054	88	66	34	68	70	16	80	76	28
Archaea	Euryarchaeota	Methanobacteria	Methanobacteriales	Methanobacteriaceae	Methanobacterium	Methanobacterium formicicum						IPR002577;IPR036388;IPR036390;	mfc:BRM9_2232;mfi:DSM1535_1163;		PF01638;		WP_048072705.1;		INFORMATION STORAGE AND PROCESSING	Transcription 	Predicted transcriptional regulators	COG1733	1.88054	58	42	22	56	60	26	54	54	28
Archaea	Euryarchaeota	Methanobacteria	Methanobacteriales	Methanobacteriaceae	Methanobacterium	Methanobacterium formicicum							mfc:BRM9_1094;mfi:DSM1535_1748;				WP_048073179.1;		CELLULAR PROCESSES AND SIGNALING	Intracellular trafficking, secretion, and vesicular transport 	GTPase-activating protein that regulates ARFs (ADP-ribosylation factors), involved in ARF-mediated vesicular transport	COG5347	1.89556	48	46	6	46	38	20	38	26	18
Archaea	Euryarchaeota	Methanobacteria	Methanobacteriales	Methanobacteriaceae	Methanobacterium	Methanobacterium formicicum							mfc:BRM9_2262;mfi:DSM1535_1196;	K09723;			WP_048072732.1;		POORLY CHARACTERIZED	Function unknown 	Uncharacterized protein conserved in archaea	COG1711	1.88054	160	152	60	156	154	70	162	164	56
Archaea	Euryarchaeota	Methanobacteria	Methanobacteriales	Methanobacteriaceae	Methanobacterium	Methanobacterium formicicum							mfc:BRM9_0107;mfi:DSM1535_1430;						INFORMATION STORAGE AND PROCESSING	Translation, ribosomal structure and biogenesis 	Predicted RNA methylase	COG2263	1.88054	38	20	10	26	36	6	30	36	16
Archaea	Euryarchaeota	Methanobacteria	Methanobacteriales	Methanobacteriaceae	Methanobacterium	Methanobacterium formicicum			cd01123;			IPR003593;IPR041663;IPR013632;IPR011938;IPR016467;IPR010995;IPR003583;IPR027417;IPR033925;IPR020588;IPR020587;	mfc:BRM9_2297;mfi:DSM1535_1231;	K04483;	PF12826;PF08423;		WP_048072765.1;		INFORMATION STORAGE AND PROCESSING	Replication, recombination and repair 	RecA/RadA recombinase	COG0468	1.88054	168	176	36	178	178	58	162	132	38
Archaea	Euryarchaeota	Methanobacteria	Methanobacteriales	Methanobacteriaceae	Methanobacterium	Methanobacterium formicicum						IPR009078;IPR012348;IPR011017;IPR007029;	mfc:BRM9_0132;mfi:DSM1535_1455;		PF04945;				POORLY CHARACTERIZED	Function unknown 	Uncharacterized conserved protein	COG3350	1.88054	42	22	14	22	28	8	28	20	10
Archaea	Euryarchaeota	Methanobacteria	Methanobacteriales	Methanobacteriaceae	Methanobacterium	Methanobacterium formicicum						IPR040493;	mfc:BRM9_0137;		PF17647;				METABOLISM	Carbohydrate transport and metabolism 	Phosphotransferase system IIC components, glucose/maltose/N-acetylglucosamine-specific	COG1263	1.88054	70	66	26	64	62	14	76	68	22
Archaea	Euryarchaeota	Methanobacteria	Methanobacteriales	Methanobacteriaceae	Methanobacterium	Methanobacterium formicicum						IPR003838;IPR025857;	mfc:BRM9_2312;mfi:DSM1535_1246;	K02004;	PF02687;PF12704;				CELLULAR PROCESSES AND SIGNALING	Cell wall/membrane/envelope biogenesis 	ABC-type transport system, involved in lipoprotein release, permease component	COG4591	1.88054	194	216	46	202	186	74	200	196	46
Archaea	Euryarchaeota	Methanobacteria	Methanobacteriales	Methanobacteriaceae	Methanobacterium	Methanobacterium formicicum						IPR023271;IPR000292;IPR024002;	mfc:BRM9_0169;mfi:DSM1535_1487;	K21993;	PF01226;		WP_048072980.1;		METABOLISM	Inorganic ion transport and metabolism 	Formate/nitrite family of transporters	COG2116	1.88054	140	144	52	152	184	46	122	146	54
Archaea	Euryarchaeota	Methanobacteria	Methanobacteriales	Methanobacteriaceae	Methanobacterium	Methanobacterium formicicum						IPR017896;IPR017900;IPR043256;	mfc:BRM9_0174;mfi:DSM1535_1492;	K00205;	PF00037;PF12838;		WP_048072983.1;		METABOLISM	Energy production and conversion 	Formate hydrogenlyase subunit 6/NADH:ubiquinone oxidoreductase 23 kD subunit (chain I)	COG1143	15.04432	1424	1440	624	1536	1840	496	1648	1280	368
Archaea	Euryarchaeota	Methanobacteria	Methanobacteriales	Methanobacteriaceae	Methanobacterium	Methanobacterium formicicum						IPR006555;IPR014013;IPR006935;IPR014001;IPR027417;	mfc:BRM9_2332;mfi:DSM1535_1264;	K03722;	PF13307;PF04851;		WP_048072795.1;		INFORMATION STORAGE AND PROCESSING	Transcription 	Rad3-related DNA helicases	COG1199	1.88054	276	320	86	328	328	90	296	266	104
Archaea	Euryarchaeota	Methanobacteria	Methanobacteriales	Methanobacteriaceae	Methanobacterium	Methanobacterium formicicum						IPR007842;	mfc:BRM9_1134;mfi:DSM1535_1790;		PF05168;				POORLY CHARACTERIZED	Function unknown 	Uncharacterized conserved protein related to C-terminal domain of eukaryotic chaperone, SACSIN	COG1895	1.89556	102	76	12	94	84	34	82	80	34
